geocodigo,name_long,name_short,iso_2
ABW,Aruba,Aruba,AW
AFE,África Oriental y Meridional,África Oriental y Meridional,
AFG,Afganistán,Afganistán,AF
AFW,África Occidental y Central,África Occidental y Central,
AGO,Angola,Angola,AO
AIA,Anguila,Anguila,AI
ALA,Islas Åland,Islas Åland,AX
ALB,Albania,Albania,AL
AND,Andorra,Andorra,AD
ANT,Antillas Holandesas,Antillas Holandesas,
ARB,Mundo árabe,Mundo árabe,
ARE,Emiratos Árabes Unidos,Emiratos Árabes Unidos,AE
ARG,Argentina,Argentina,AR
ARM,Armenia,Armenia,AM
ASM,Samoa Americana,Samoa Americana,AS
ATA,Antártida,Antártida,AQ
ATF,Tierras Australes Francesas,Tierras Australes Francesas,TF
ATG,Antigua y Barbuda,Antigua y Barbuda,AG
AUS,Australia,Australia,AU
AUT,Austria,Austria,AT
AZE,Azerbaiyán,Azerbaiyán,AZ
BAT,Antártida Británica,Antártida Británica,
BDI,Burundi,Burundi,BI
BEL,Bélgica,Bélgica,BE
BEN,Benin,Benin,BJ
BES,Bonaire,Bonaire,BQ
BFA,Burkina Faso,Burkina Faso,BF
BGD,Bangladesh,Bangladesh,BD
BGR,Bulgaria,Bulgaria,BG
BHR,Bahrein,Bahrein,BH
BHS,Bahamas,Bahamas,BS
BIH,Bosnia y Herzegovina,Bosnia y Herzegovina,BA
BLM,San Barthélemy,San Barthélemy,BL
BLR,Belarús,Belarús,BY
BLX,Bélgica-Luxemburgo,Bélgica-Luxemburgo,
BLZ,Belice,Belice,BZ
BMU,Bermuda,Bermuda,BM
BOL,Bolivia,Bolivia,BO
BRA,Brasil,Brasil,BR
BRB,Barbados,Barbados,BB
BRN,Brunei,Brunei,BN
BTN,Bhután,Bhután,BT
BVT,Bouvet,Bouvet,BV
BWA,Botswana,Botswana,BW
CAF,Rep. Centroafricana,Rep. Centroafricana,CF
CAN,Canadá,Canadá,CA
CCK,Islas Cocos,Islas Cocos,CC
CEB,Europa Central y Bálticos,Europa Central y Bálticos,
CEM,Comunidad Económica y Monetaria de Africa Central (CEMAC),Comunidad Económica y Monetaria de Africa Central (CEMAC),
CHE,Suiza,Suiza,CH
CHI,Islas Del Canal,Islas Del Canal,
CHL,Chile,Chile,CL
CHN,China,China,CN
CIV,Costa de Marfil,Costa de Marfil,CI
CMR,Camerún,Camerún,CM
COD,Rep. Dem. Congo,Rep. Dem. Congo,CD
COG,Congo,Congo,CG
COK,Islas Cook,Islas Cook,CK
COL,Colombia,Colombia,CO
COM,Comoras,Comoras,KM
CPV,Cabo Verde,Cabo Verde,CV
CRI,Costa Rica,Costa Rica,CR
CSK,Checoslovaquia,Checoslovaquia,
CSS,Pequeños Estados del Caribe,Pequeños Estados del Caribe,
CUB,Cuba,Cuba,CU
CUW,Curazao,Curazao,CW
CXR,Isla Christmas,Isla Christmas,CX
CYM,Islas Caimán,Islas Caimán,KY
CYP,Chipre,Chipre,CY
CZE,Chequia,Chequia,CZ
DDR,Rep. Dem. Alemana,Rep. Dem. Alemana,
DEU,Alemania,Alemania,DE
DJI,Djibouti,Djibouti,DJ
DMA,Dominica,Dominica,DM
DNK,Dinamarca,Dinamarca,DK
DOM,Rep. Dominicana,Rep. Dominicana,DO
DZA,Argelia,Argelia,DZ
SSF,África Subsahariana,África Subsahariana,
EAR,Bono demográfico temprano,Bono demográfico temprano,
SSA,África Subsahariana (excluidos los Ingresos Altos),África Subsahariana (excluidos los Ingresos Altos),
TSS,Europa y Asia Central,Europa y Asia Central,
LCN,América Latina y el Caribe,América Latina y el Caribe,
ECU,Ecuador,Ecuador,EC
EGY,Egipto,Egipto,EG
EMU,Eurozona,Eurozona,
ERI,Eritrea,Eritrea,ER
ESH,Sáhara Occidental,Sáhara Occidental,EH
ESP,España,España,ES
EST,Estonia,Estonia,EE
ETF,Etiopía (incluye Eritrea),Etiopía (incluye Eritrea),
ETH,Etiopía,Etiopía,ET
EUU,Unión Europea,Unión Europea,
F164,Territorio en Fideicomiso de las Islas del Pacífico,Territorio en Fideicomiso de las Islas del Pacífico,
F206,Sudán (Ex),Sudán (Ex),
F285,Sark,Sark,
F336,América del Norte y Central,América del Norte y Central,
F351,China,China,
F420,África Subsahariana,África Subsahariana,
F429,Norte de África,Norte de África,
F5101,África Oriental,África Oriental,
F5102,África Media,África Media,
F5103,África del Norte,África del Norte,
F5104,África del Sur,África del Sur,
F5105,África Occidental,África Occidental,
F5203,América del Norte,América del Norte,
F5204,Centroamérica,Centroamérica,
F5205,América Latina y el Caribe,América Latina y el Caribe,
F5206,Caribe,Caribe,
F5207,Sudamérica,Sudamérica,
F5208,América del Norte y Europa,América del Norte y Europa,
F5300,Asia,Asia,
F5301,Asia Central,Asia Central,
F5302,Asia Oriental,Asia Oriental,
F5303,Asia del Sur,Asia del Sur,
F5304,Sudeste Asiático,Sudeste Asiático,
F5305,Asia Occidental,Asia Occidental,
F5306,Asia Central y Asia Meridional,Asia Central y Asia Meridional,
F5307,Asia Oriental y Asia Sudoriental,Asia Oriental y Asia Sudoriental,
F5308,Asia Occidental y África del Norte,Asia Occidental y África del Norte,
F5401,Europa del Este,Europa del Este,
F5402,Norte de Europa,Norte de Europa,
F5403,Europa del Sur,Europa del Sur,
F5404,Europa Oriental,Europa Oriental,
F5500,Oceanía,Oceanía,
F5501,Australia y Nueva Zelanda,Australia y Nueva Zelanda,
F5502,Melanesia,Melanesia,
F5504,Polinesia,Polinesia,
F5600,Región Antártica,Región Antártica,
F5707,Unión Europea (27),Unión Europea (27),
F5801,Países menos desarrollados,Países menos desarrollados,
F5802,Países en desarrollo sin litoral,Países en desarrollo sin litoral,
F5803,Pequeños Estados insulares,Pequeños Estados insulares,
F5807,Oceanía (excluyendo Australia y Nueva Zelanda),Oceanía (excluyendo Australia y Nueva Zelanda),
F5810,África Subsahariana,África Subsahariana,
F5815,Países de bajos ingresos ,Países de bajos ingresos,
F5817,Países en desarrollo importadores netos de alimentos,Países en desarrollo importadores netos de alimentos,
F5825,Asia Oriental (excluido Japón),Asia Oriental (excluido Japón),
F5826,Regiones en desarrollo,Regiones en desarrollo,
F5827,Regiones desarrolladas,Regiones desarrolladas,
F5828,Asia Occidental,Asia Occidental,
F5829,Asia Oriental (excluyendo Japón y China),Asia Oriental (excluyendo Japón y China),
F5848,Países del Anexo I,Países del Anexo I,
F5849,Países no Incluidos en el Anexo I,Países no Incluidos en el Anexo I,
F5855,Asia Meridional (excluida India),Asia Meridional (excluida India),
F5857,Cáucaso y Asia Central,Cáucaso y Asia Central,
F5858,Economías de bajos ingresos,Economías de bajos ingresos,
F5859,Economías de ingresos medianos bajos,Economías de ingresos medianos bajos,
F5873,OCDE,OCDE,
F62,República Democrática Popular Etiopía,República Democrática Popular Etiopía,
F78,República Federal de Alemania (ex),República Federal de Alemania (ex),
F9010,Economías de altos ingresos,Economías de altos ingresos,
F9011,Economías de ingresos medianos y altos,Economías de ingresos medianos y altos,
FCS,Situaciones frágiles y afectadas por conflictos,Situaciones frágiles y afectadas por conflictos,
FIN,Finlandia,Finlandia,FI
FJI,Fiji,Fiji,FJ
FLK,Islas Malvinas,Islas Malvinas,FK
FRA,Francia,Francia,FR
FRE,Zonas francas,Zonas francas,
FRO,Islas Feroe,Islas Feroe,FO
FSM,Micronesia,Micronesia,FM
GAB,Gabón,Gabón,GA
GAZ,Franja de Gaza,Franja de Gaza,
GBR,Reino Unido,Reino Unido,GB
GEO,Georgia,Georgia,GE
GGY,Guernsey,Guernsey,GG
GHA,Ghana,Ghana,GH
GIB,Gibraltar,Gibraltar,GI
GIN,Guinea,Guinea,GN
GLP,Guadalupe,Guadalupe,GP
GMB,Gambia,Gambia,GM
GNB,Guinea-Bissau,Guinea-Bissau,GW
GNQ,Guinea Ecuatorial,Guinea Ecuatorial,GQ
GRC,Grecia,Grecia,GR
GRD,Granada,Granada,GD
GRL,Groenlandia,Groenlandia,GL
GTM,Guatemala,Guatemala,GT
GUF,Guayana Francesa,Guayana Francesa,GF
GUM,Guam,Guam,GU
GUY,Guyana,Guyana,GY
HIC,Países de altos ingresos,Países de altos ingresos,
HKG,Hong Kong,Hong Kong,HK
HMD,Islas Heard y McDonald,Islas Heard y McDonald,HM
HND,Honduras,Honduras,HN
HPC,Países pobres endeudados,Países pobres endeudados,
HRV,Croacia,Croacia,HR
HTI,Haití,Haití,HT
HUN,Hungría,Hungría,HU
IBD,Sólo BIRF,Sólo BIRF,
IBT,AIF,AIF,
IDA,AIF Total,AIF Total,
IDB,Mezcla de AIF,Mezcla de AIF,
IDN,Indonesia,Indonesia,ID
IDX,Solo AIF,Solo AIF,
IMN,Isla de Man,Isla de Man,IM
IND,India,India,IN
IOT,Territorio Británico del Océano Índico,Territorio Británico del Océano Índico,IO
IRL,Irlanda,Irlanda,IE
IRN,Irán,Irán,IR
IRQ,Iraq,Iraq,IQ
ISL,Islandia,Islandia,IS
ISR,Israel,Israel,IL
ITA,Italia,Italia,IT
JAM,Jamaica,Jamaica,JM
JEY,Jersey,Jersey,JE
JOR,Jordania,Jordania,JO
JPN,Japón,Japón,JP
JTN,Isla Jhonston,Isla Jhonston,
KAZ,Kazajstán,Kazajstán,KZ
KEN,Kenia,Kenia,KE
KGZ,Kirguistán,Kirguistán,KG
KHM,Camboya,Camboya,KH
KIR,Kiribati,Kiribati,KI
KN1,San Cristóbal y Nieves-Anguila-Aru,San Cristóbal y Nieves-Anguila-Aru,
KNA,Saint Kitts y Nevis,Saint Kitts y Nevis,KN
KOR,Corea del Sur,Corea del Sur,KR
KWT,Kuwait,Kuwait,KW
LAC,América Latina y el Caribe,América Latina y el Caribe,
LAO,Laos,Laos,LA
LBN,Líbano,Líbano,LB
LBR,Liberia,Liberia,LR
LBY,Libia,Libia,LY
LCA,Santa Lucía,Santa Lucía,LC
TLA,América Latina y el Caribe (IDA y BIRF),América Latina y el Caribe (IDA y BIRF),
LDC,Países menos desarrollados,Países menos desarrollados,
LIC,Países de bajos ingresos,Países de bajos ingresos,
LIE,Liechtenstein,Liechtenstein,LI
LKA,Sri Lanka,Sri Lanka,LK
LMC,Países de ingreso medio bajo,Países de ingreso medio bajo,
LMY,Países de ingreso bajo y medio,Países de ingreso bajo y medio,
LSO,Lesotho,Lesotho,LS
LTE,Bono demográfico tardío,Bono demográfico tardío,
LTU,Lituania,Lituania,LT
LUX,Luxemburgo,Luxemburgo,LU
LVA,Letonia,Letonia,LV
MAC,Macao,Macao,MO
MAF,San Martín (parte francesa),San Martín (parte francesa),MF
MAR,Marruecos,Marruecos,MA
MCO,Mónaco,Mónaco,MC
MDA,Moldavia,Moldavia,MD
MDG,Madagascar,Madagascar,MG
MDV,Maldivas,Maldivas,MV
SAS,Asia del Sur (BM),Asia del Sur (BM),
MEX,México,México,MX
MHL,Islas Marshall,Islas Marshall,MH
MIC,Países de ingreso medio,Países de ingreso medio,
MID,Islas Midway,Islas Midway,
MKD,Macedonia del Norte,Macedonia del Norte,MK
MLI,Malí,Malí,ML
MLT,Malta,Malta,MT
MMR,Myanmar,Myanmar,MM
TSA,Oriente Medio y África del Norte,Oriente Medio y África del Norte,
MNE,Montenegro,Montenegro,ME
MNG,Mongolia,Mongolia,MN
MNP,Islas Marianas,Islas Marianas,MP
MOZ,Mozambique,Mozambique,MZ
MRT,Mauritania,Mauritania,MR
MSR,Montserrat,Montserrat,MS
MTQ,Martinica,Martinica,MQ
MUS,Mauricio,Mauricio,MU
MWI,Malawi,Malawi,MW
MYS,Malasia,Malasia,MY
MYT,Mayotte,Mayotte,YT
NAC,América del Norte,América del Norte,
NAM,Namibia,Namibia,NA
NCL,Nueva Caledonia,Nueva Caledonia,NC
NER,Níger,Níger,NE
NFK,Isla Norfolk,Isla Norfolk,NF
NGA,Nigeria,Nigeria,NG
NIC,Nicaragua,Nicaragua,NI
NIU,Niue,Niue,NU
NLD,Países Bajos,Países Bajos,NL
NOR,Noruega,Noruega,NO
NPL,Nepal,Nepal,NP
NRU,Nauru,Nauru,NR
NZE,Zona Neutral,Zona Neutral,
NZL,Nueva Zelanda,Nueva Zelanda,NZ
OED,Miembros de la OCDE,Miembros de la OCDE,
OHI,Países de altos ingresos,Países de altos ingresos,
OMN,Omán,Omán,OM
OSS,Otros Estados pequeños,Otros Estados pequeños,
PAK,Pakistán,Pakistán,PK
PAN,Panamá,Panamá,PA
PCE,Islas del Pacífico,Islas del Pacífico,
PCN,Pitcairn,Pitcairn,PN
PCZ,Zona del Canal de Panamá (ex),Zona del Canal de Panamá (ex),
PER,Perú,Perú,PE
PHL,Filipinas,Filipinas,PH
PLW,Palau,Palau,PW
PMY,Pen Malasia,Pen Malasia,
PNG,Papúa Nueva Guinea,Papúa Nueva Guinea,PG
POL,Polonia,Polonia,PL
PRE,Países del bono predemográfico,Países del bono predemográfico,
PRI,Puerto Rico,Puerto Rico,PR
PRK,Corea del Norte,Corea del Norte,KP
PRT,Portugal,Portugal,PT
PRY,Paraguay,Paraguay,PY
PSE,Palestina,Palestina,PS
PSS,Pequeños Estados insulares del Pacífico,Pequeños Estados insulares del Pacífico,
PST,Países del bono posdemográfico,Países del bono posdemográfico,
PYF,Polinesia Francesa,Polinesia Francesa,PF
QAT,Qatar,Qatar,QA
REU,Reunión,Reunión,RE
ROU,Rumania,Rumania,RO
RUS,Rusia,Rusia,RU
RWA,Ruanda,Ruanda,RW
RYU,Islas Ryūkyū,Islas Ryūkyū,
EAS,Este de Asia y Pacífico,Este de Asia y Pacífico,
SAU,Arabia Saudita,Arabia Saudita,SA
SBH,Sabá,Sabá,
SCG,Serbia y Montenegro,Serbia y Montenegro,
SDN,Sudán,Sudán,SD
SEN,Senegal,Senegal,SN
SER,Yugoslavia,Yugoslavia,
SGP,Singapur,Singapur,SG
SGS,Islas Georgias y Sandwich del Sur,Islas Georgias y Sandwich del Sur,GS
SHN,Santa Elena,Santa Elena,SH
SIK,Sikkim,Sikkim,
SJM,Islas Svalbard y Jan Mayen,Islas Svalbard y Jan Mayen,SJ
SLB,Islas Salomón,Islas Salomón,SB
SLE,Sierra Leona,Sierra Leona,SL
SLV,El Salvador,El Salvador,SV
SMR,San Marino,San Marino,SM
SOM,Somalia,Somalia,SO
SPE,Categorías especiales,Categorías especiales,
SPM,San Pedro y Miquelón,San Pedro y Miquelón,PM
SRB,Serbia,Serbia,RS
EAP,Este de Asia y Pacífico (excluyendo Países de Altos Ingresos),Este de Asia y Pacífico (excluyendo Países de Altos Ingresos),
SSD,Sudán del Sur,Sudán del Sur,SS
TEA,Este de Asia y Pacífico (IDA y BIRF),Este de Asia y Pacífico (IDA y BIRF),
SST,Estados pequeños,Estados pequeños,
STP,Santo Tomé y Príncipe,Santo Tomé y Príncipe,ST
SUR,Suriname,Suriname,SR
SVK,Eslovaquia,Eslovaquia,SK
SVN,Eslovenia,Eslovenia,SI
SVR,Vietnam del Sur (ex),Vietnam del Sur (ex),
SVU,Unión Soviética,Unión Soviética,
SWE,Suecia,Suecia,SE
SWK,Sarawak,Sarawak,
SWZ,Eswatini,Eswatini,SZ
SXM,San Martín (parte holandesa),San Martín (parte holandesa),SX
SYC,Seychelles,Seychelles,SC
SYR,Siria,Siria,SY
TAN,Tanganica (ex),Tanganica (ex),
TCA,Islas Turcas y Caicos,Islas Turcas y Caicos,TC
TCD,Chad,Chad,TD
ECS,Europa y Asia Central,Europa y Asia Central,
ECA,Europa y Asia Central (excluyendo Países de Altos Ingresos),Europa y Asia Central (excluyendo Países de Altos Ingresos),
TGO,Togo,Togo,TG
THA,Tailandia,Tailandia,TH
TJK,Tayikistán,Tayikistán,TJ
TKL,Tokelau,Tokelau,TK
TKM,Turkmenistán,Turkmenistán,TM
TEC,Europa y Asia Central (IDA y BIRF),Europa y Asia Central (IDA y BIRF),
TLS,Timor-Leste,Timor-Leste,TL
MEA,Oriente Medio y África del Norte,Oriente Medio y África del Norte,
TON,Tonga,Tonga,TO
MNA,Oriente Medio y África del Norte (excluidos Países de Altos Ingresos),Oriente Medio y África del Norte (excluidos Países de Altos Ingresos),
TMN,Oriente Medio y África del Norte (IDA y BIRF),Oriente Medio y África del Norte (IDA y BIRF),
TTO,Trinidad y Tobago,Trinidad y Tobago,TT
TUN,Túnez,Túnez,TN
TUR,Turquía,Turquía,TR
TUV,Tuvalu,Tuvalu,TV
TWN,Taiwán,Taiwán,TW
TZA,Tanzanía,Tanzanía,TZ
UGA,Uganda,Uganda,UG
UKR,Ucrania,Ucrania,UA
UMC,Países de ingreso medio alto,Países de ingreso medio alto,
UMI,Islas menores alejadas de EEUU,Islas menores alejadas de EEUU,UM
UNS,No especificado,No especificado,
URY,Uruguay,Uruguay,UY
USA,Estados Unidos,Estados Unidos,US
USP,Us Msc.Pac.I,Us Msc.Pac.I,
UZB,Uzbekistán,Uzbekistán,UZ
VAT,Vaticano,Vaticano,VA
VCT,San Vicente y las Granadinas,San Vicente y las Granadinas,VC
VDR,Vietnam del Norte (ex),Vietnam del Norte (ex),
VEN,Venezuela,Venezuela,VE
VGB,Islas Vírgenes Británicas,Islas Vírgenes Británicas,VG
VIR,Islas Vírgenes de EEUU,Islas Vírgenes de EEUU,VI
VNM,Vietnam,Vietnam,VN
VUT,Vanuatu,Vanuatu,VU
WAK,Isla Wake,Isla Wake,
WBG,Cisjordania y Gaza,Cisjordania y Gaza,
WLD,Mundo,Mundo,
WLF,Wallis y Futuna,Wallis y Futuna,WF
WSM,Samoa,Samoa,WS
X06,África,África,
X21,Américas,Américas,
XKX,Kosovo,Kosovo,XK
YDR,Rep. Dem. Pop. Yemen,Rep. Dem. Pop. Yemen,
YEM,Yemen,Yemen,YE
YMD,Yemen,Yemen,
ZAF,Sudáfrica,Sudáfrica,ZA
ZMB,Zambia,Zambia,ZM
ZPM,Zanzibar,Zanzibar,
ZW1,Rhodesia y Nyasaland (ex),Rhodesia y Nyasaland (ex),
ZWE,Zimbabwe,Zimbabwe,ZW
OWID_USS,Unión Soviética,Unión Soviética,
TRANS,Transporte internacional,Transporte internacional,
PCI,Islas del Pacífico (ex),Islas del Pacífico (ex),
ANS,Países no declarados,Países no declarados,
APEC,Cooperación Económica Asia-Pacífico,Cooperación Económica Asia-Pacífico,
ASEAN,Asociación de Naciones del Sudeste Asiático,Asociación de Naciones del Sudeste Asiático,
EA19,Eurozona,Eurozona,
EASIA,Asia del Este,Asia del Este,
EU13,Unión Europea (28 países excluyendo EU15),Unión Europea (28 países excluyendo EU15),
EU15,Unión Europea (15 países),Unión Europea (15 países),
EU27_2020,Unión Europea (27 países),Unión Europea (27 países),
EU28,Unión Europea (28 países),Unión Europea (28 países),
G20,G-20,G-20,
NONOECD,Países no miembros de OCDE,Países no miembros de OCDE,
OECD,Países miembros de OCDE,Países miembros de OCDE,
ROW,Resto del mundo,Resto del mundo,
ZASI,Este y Sudeste Asiático,Este y Sudeste Asiático,
ZEUR,Europa,Europa,
ZNAM,América del Norte,América del Norte,
ZOTH,Otras regiones,Otras regiones,
ZSCA,América del Sur y Central,América del Sur y Central,
OWID_AKD,Akrotiri y Dekelia,Akrotiri y Dekelia,
AR-C,CABA,CABA,
AR-B,Buenos Aires,Buenos Aires,
AR-K,Catamarca,Catamarca,
AR-X,Córdoba,Córdoba,
AR-W,Corrientes,Corrientes,
AR-H,Chaco,Chaco,
AR-U,Chubut,Chubut,
AR-E,Entre Ríos,Entre Ríos,
AR-P,Formosa,Formosa,
AR-Y,Jujuy,Jujuy,
AR-L,La Pampa,La Pampa,
AR-F,La Rioja,La Rioja,
AR-M,Mendoza,Mendoza,
AR-N,Misiones,Misiones,
AR-Q,Neuquén,Neuquén,
AR-R,Río Negro,Río Negro,
AR-A,Salta,Salta,
AR-J,San Juan,San Juan,
AR-D,San Luis,San Luis,
AR-Z,Santa Cruz,Santa Cruz,
AR-S,Santa Fe,Santa Fe,
AR-G,Santiago del Estero,Santiago del Estero,
AR-T,Tucumán,Tucumán,
AR-V,Tierra del Fuego,Tierra del Fuego,
AR-C001,Comuna 1 (CABA),Comuna 1 (CABA),
AR-C002,Comuna 2 (CABA),Comuna 2 (CABA),
AR-C003,Comuna 3 (CABA),Comuna 3 (CABA),
AR-C004,Comuna 4 (CABA),Comuna 4 (CABA),
AR-C005,Comuna 5 (CABA),Comuna 5 (CABA),
AR-C006,Comuna 6 (CABA),Comuna 6 (CABA),
AR-C007,Comuna 7 (CABA),Comuna 7 (CABA),
AR-C008,Comuna 8 (CABA),Comuna 8 (CABA),
AR-C009,Comuna 9 (CABA),Comuna 9 (CABA),
AR-C010,Comuna 10 (CABA),Comuna 10 (CABA),
AR-C011,Comuna 11 (CABA),Comuna 11 (CABA),
AR-C012,Comuna 12 (CABA),Comuna 12 (CABA),
AR-C013,Comuna 13 (CABA),Comuna 13 (CABA),
AR-C014,Comuna 14 (CABA),Comuna 14 (CABA),
AR-C015,Comuna 15 (CABA),Comuna 15 (CABA),
AR-B007,Adolfo Alsina (Buenos Aires),Adolfo Alsina (Buenos Aires),
AR-B021,Alberti (Buenos Aires),Alberti (Buenos Aires),
AR-B028,Alte. Brown (Buenos Aires),Alte. Brown (Buenos Aires),
AR-B035,Avellaneda (Buenos Aires),Avellaneda (Buenos Aires),
AR-B042,Ayacucho (Buenos Aires),Ayacucho (Buenos Aires),
AR-B049,Azul (Buenos Aires),Azul (Buenos Aires),
AR-B056,Bahia Blanca (Buenos Aires),Bahia Blanca (Buenos Aires),
AR-B063,Balcarce (Buenos Aires),Balcarce (Buenos Aires),
AR-B070,Baradero (Buenos Aires),Baradero (Buenos Aires),
AR-B077,Bartolome Mitre (Buenos Aires),Bartolome Mitre (Buenos Aires),
AR-B091,Berazategui (Buenos Aires),Berazategui (Buenos Aires),
AR-B098,Berisso (Buenos Aires),Berisso (Buenos Aires),
AR-B105,Bolivar (Buenos Aires),Bolivar (Buenos Aires),
AR-B112,Bragado (Buenos Aires),Bragado (Buenos Aires),
AR-B119,Brandsen (Buenos Aires),Brandsen (Buenos Aires),
AR-B126,Campana (Buenos Aires),Campana (Buenos Aires),
AR-B134,Cañuelas (Buenos Aires),Cañuelas (Buenos Aires),
AR-B140,Capitan Sarmiento (Buenos Aires),Capitan Sarmiento (Buenos Aires),
AR-B147,Carlos Casares (Buenos Aires),Carlos Casares (Buenos Aires),
AR-B154,Carlos Tejedor (Buenos Aires),Carlos Tejedor (Buenos Aires),
AR-B161,Carmen De Areco (Buenos Aires),Carmen De Areco (Buenos Aires),
AR-B602,Patagones (Buenos Aires),Patagones (Buenos Aires),
AR-B168,Castelli (Buenos Aires),Castelli (Buenos Aires),
AR-B175,Colon (Buenos Aires),Colon (Buenos Aires),
AR-B189,Cnel. Dorrego (Buenos Aires),Cnel. Dorrego (Buenos Aires),
AR-B196,Cnel. Pringles (Buenos Aires),Cnel. Pringles (Buenos Aires),
AR-B182,Cnel. Rosales (Buenos Aires),Cnel. Rosales (Buenos Aires),
AR-B203,Cnel. Suárez (Buenos Aires),Cnel. Suárez (Buenos Aires),
AR-B210,Chacabuco (Buenos Aires),Chacabuco (Buenos Aires),
AR-B217,Chascomús (Buenos Aires),Chascomús (Buenos Aires),
AR-B224,Chivilcoy (Buenos Aires),Chivilcoy (Buenos Aires),
AR-B231,Daireaux (Buenos Aires),Daireaux (Buenos Aires),
AR-B238,Dolores (Buenos Aires),Dolores (Buenos Aires),
AR-B245,Ensenada (Buenos Aires),Ensenada (Buenos Aires),
AR-B252,Escobar (Buenos Aires),Escobar (Buenos Aires),
AR-B260,Esteban Echeverría (Buenos Aires),Esteban Echeverría (Buenos Aires),
AR-B266,Exaltación de la Cruz (Buenos Aires),Exaltación de la Cruz (Buenos Aires),
AR-B274,Florencio Varela (Buenos Aires),Gral. Alvarado (Buenos Aires),
AR-B280,Gral. Alvarado (Buenos Aires),Gral. Alvear (Buenos Aires),
AR-B287,Gral. Alvear (Buenos Aires),Gral. Arenales (Buenos Aires),
AR-B294,Gral. Arenales (Buenos Aires),Gral. Belgrano (Buenos Aires),
AR-B301,Gral. Belgrano (Buenos Aires),Gral. Guido (Buenos Aires),
AR-B308,Gral. Guido (Buenos Aires),Gral. La Madrid (Buenos Aires),
AR-B322,Gral. La Madrid (Buenos Aires),Gral. Las Heras (Buenos Aires),
AR-B329,Gral. Las Heras (Buenos Aires),Gral. Lavalle (Buenos Aires),
AR-B336,Gral. Lavalle (Buenos Aires),Gral. Juan Madariaga (Buenos Aires),
AR-B315,Gral. Juan Madariaga (Buenos Aires),Gral. Paz (Buenos Aires),
AR-B343,Gral. Paz (Buenos Aires),Gral. Pinto (Buenos Aires),
AR-B351,Gral. Pinto (Buenos Aires),General Pinto (Buenos Aires),
AR-B357,Gral. Pueyrredón (Buenos Aires),Gral. Pueyrredón (Buenos Aires),
AR-B364,Gral. Rodríguez (Buenos Aires),Gral. Rodríguez (Buenos Aires),
AR-B371,Gral. San Martín (Buenos Aires),Gral. San Martín (Buenos Aires),
AR-B760,San Miguel (Buenos Aires),San Miguel (Buenos Aires),
AR-B385,Gral. Viamonte (Buenos Aires),Gral. Viamonte (Buenos Aires),
AR-B392,Gral. Villegas (Buenos Aires),Gral. Villegas (Buenos Aires),
AR-B014,Adolfo González Chaves (Buenos Aires),Adolfo González Chaves (Buenos Aires),
AR-B399,Guaminí (Buenos Aires),Guaminí (Buenos Aires),
AR-B406,Hipólito Yrigoyen (Buenos Aires),Hipólito Yrigoyen (Buenos Aires),
AR-B084,Benito Juárez (Buenos Aires),Benito Juárez (Buenos Aires),
AR-B413,Junín (Buenos Aires),Junín (Buenos Aires),
AR-B427,La Matanza (Buenos Aires),La Matanza (Buenos Aires),
AR-B434,Lanús (Buenos Aires),Lanús (Buenos Aires),
AR-B441,La Plata (Buenos Aires),La Plata (Buenos Aires),
AR-B448,Laprida (Buenos Aires),Laprida (Buenos Aires),
AR-B455,Las Flores (Buenos Aires),Las Flores (Buenos Aires),
AR-B462,Leandro N. Alem (Buenos Aires),Leandro N. Alem (Buenos Aires),
AR-B469,Lincoln (Buenos Aires),Lincoln (Buenos Aires),
AR-B476,Lobería (Buenos Aires),Lobería (Buenos Aires),
AR-B483,Lobos (Buenos Aires),Lobos (Buenos Aires),
AR-B490,Lomas de Zamora (Buenos Aires),Lomas de Zamora (Buenos Aires),
AR-B497,Luján (Buenos Aires),Luján (Buenos Aires),
AR-B505,Magdalena (Buenos Aires),Magdalena (Buenos Aires),
AR-B511,Maipú (Buenos Aires),Maipú (Buenos Aires),
AR-B518,Mar Chiquita (Buenos Aires),Mar Chiquita (Buenos Aires),
AR-B525,Marcos Paz (Buenos Aires),Marcos Paz (Buenos Aires),
AR-B532,Mercedes (Buenos Aires),Mercedes (Buenos Aires),
AR-B539,Merlo (Buenos Aires),Merlo (Buenos Aires),
AR-B547,Monte (Buenos Aires),Monte (Buenos Aires),
AR-B560,Moreno (Buenos Aires),Moreno (Buenos Aires),
AR-B568,Morón (Buenos Aires),Morón (Buenos Aires),
AR-B574,Navarro (Buenos Aires),Navarro (Buenos Aires),
AR-B581,Necochea (Buenos Aires),Necochea (Buenos Aires),
AR-B588,9 De Julio (Buenos Aires),9 De Julio (Buenos Aires),
AR-B595,Olavarría (Buenos Aires),Olavarría (Buenos Aires),
AR-B609,Pehuajó (Buenos Aires),Pehuajó (Buenos Aires),
AR-B616,Pellegrini (Buenos Aires),Pellegrini (Buenos Aires),
AR-B623,Pergamino (Buenos Aires),Pergamino (Buenos Aires),
AR-B630,Pila (Buenos Aires),Pila (Buenos Aires),
AR-B638,Pilar (Buenos Aires),Pilar (Buenos Aires),
AR-B644,Pinamar (Buenos Aires),Pinamar (Buenos Aires),
AR-B651,Puán (Buenos Aires),Puán (Buenos Aires),
AR-B658,Quilmes (Buenos Aires),Quilmes (Buenos Aires),
AR-B665,Ramallo (Buenos Aires),Ramallo (Buenos Aires),
AR-B672,Rauch (Buenos Aires),Rauch (Buenos Aires),
AR-B679,Rivadavia (Buenos Aires),Rivadavia (Buenos Aires),
AR-B686,Rojas (Buenos Aires),Rojas (Buenos Aires),
AR-B693,Roque Pérez (Buenos Aires),Roque Pérez (Buenos Aires),
AR-B700,Saavedra (Buenos Aires),Saavedra (Buenos Aires),
AR-B707,Saladillo (Buenos Aires),Saladillo (Buenos Aires),
AR-B721,Salliqueló (Buenos Aires),Salliqueló (Buenos Aires),
AR-B714,Salto (Buenos Aires),Salto (Buenos Aires),
AR-B728,San Andrés de Giles (Buenos Aires),San Andrés de Giles (Buenos Aires),
AR-B735,San Antonio De Areco (Buenos Aires),San Antonio De Areco (Buenos Aires),
AR-B742,San Cayetano (Buenos Aires),San Cayetano (Buenos Aires),
AR-B749,San Fernando (Buenos Aires),San Fernando (Buenos Aires),
AR-B756,San Isidro (Buenos Aires),San Isidro (Buenos Aires),
AR-B763,San Nicolás (Buenos Aires),San Nicolás (Buenos Aires),
AR-B770,San Pedro (Buenos Aires),San Pedro (Buenos Aires),
AR-B778,San Vicente (Buenos Aires),San Vicente (Buenos Aires),
AR-B784,Suipacha (Buenos Aires),Suipacha (Buenos Aires),
AR-B791,Tandil (Buenos Aires),Tandil (Buenos Aires),
AR-B798,Tapalqué (Buenos Aires),Tapalqué (Buenos Aires),
AR-B805,Tigre (Buenos Aires),Tigre (Buenos Aires),
AR-B819,Tornquist (Buenos Aires),Tornquist (Buenos Aires),
AR-B826,Trenque Lauquen (Buenos Aires),Trenque Lauquen (Buenos Aires),
AR-B812,Tordillo (Buenos Aires),Tordillo (Buenos Aires),
AR-B833,Tres Arroyos (Buenos Aires),Tres Arroyos (Buenos Aires),
AR-B840,Tres de Febrero (Buenos Aires),Tres de Febrero (Buenos Aires),
AR-B420,La Costa (Buenos Aires),La Costa (Buenos Aires),
AR-B553,Monte Hermoso (Buenos Aires),Monte Hermoso (Buenos Aires),
AR-B854,25 De Mayo (Buenos Aires),25 De Mayo (Buenos Aires),
AR-B861,Vicente López (Buenos Aires),Vicente López (Buenos Aires),
AR-B868,Villa Gesell (Buenos Aires),Villa Gesell (Buenos Aires),
AR-B875,Villarino (Buenos Aires),Villarino (Buenos Aires),
AR-B882,Zárate (Buenos Aires),Zárate (Buenos Aires),
AR-B847,Tres Lomas (Buenos Aires),Tres Lomas (Buenos Aires),
AR-B277,Florentino Ameghino (Buenos Aires),Florentino Ameghino (Buenos Aires),
AR-B648,Presidente Perón (Buenos Aires),Presidente Perón (Buenos Aires),
AR-B412,José C. Paz (Buenos Aires),José C. Paz (Buenos Aires),
AR-B515,Malvinas Argentinas (Buenos Aires),Malvinas Argentinas (Buenos Aires),
AR-B655,Punta Indio (Buenos Aires),Punta Indio (Buenos Aires),
AR-B270,Ezeiza (Buenos Aires),Ezeiza (Buenos Aires),
AR-B410,Ituzainigó (Buenos Aires),Ituzainigó (Buenos Aires),
AR-B408,Hurlingham (Buenos Aires),Hurlingham (Buenos Aires),
AR-B466,Lezama (Buenos Aires),Lezama (Buenos Aires),
AR-K049,Capital (Catamarca),Capital (Catamarca),
AR-K042,Capayán (Catamarca),Capayán (Catamarca),
AR-K070,La Paz (Catamarca),La Paz (Catamarca),
AR-K014,Ancasti (Catamarca),Ancasti (Catamarca),
AR-K056,El Alto (Catamarca),El Alto (Catamarca),
AR-K098,Santa Rosa (Catamarca),Santa Rosa (Catamarca),
AR-K077,Paclín (Catamarca),Paclín (Catamarca),
AR-K112,Valle Viejo (Catamarca),Valle Viejo (Catamarca),
AR-K063,Fray Mamerto Esquiú (Catamarca),Fray Mamerto Esquiú (Catamarca),
AR-K007,Ambato (Catamarca),Ambato (Catamarca),
AR-K084,Pomán (Catamarca),Pomán (Catamarca),
AR-K021,Andalgalá (Catamarca),Andalgalá (Catamarca),
AR-K035,Belén (Catamarca),Belén (Catamarca),
AR-K028,Antofagasta de la Sierra (Catamarca),Antofagasta de la Sierra (Catamarca),
AR-K105,Tinogasta (Catamarca),Tinogasta (Catamarca),
AR-K091,Santa María (Catamarca),Santa María (Catamarca),
AR-X014,Capital (Córdoba),Capital (Córdoba),
AR-X007,Calamuchita (Córdoba),Calamuchita (Córdoba),
AR-X021,Colón (Córdoba),Colón (Córdoba),
AR-X028,Cruz del Eje (Córdoba),Cruz del Eje (Córdoba),
AR-X035,Gral. Roca (Córdoba),Gral. Roca (Córdoba),
AR-X042,Gral. San Martín (Córdoba),Gral. San Martín (Córdoba),
AR-X049,Ischilín (Córdoba),Ischilín (Córdoba),
AR-X056,Juárez Celman (Córdoba),Juárez Celman (Córdoba),
AR-X063,Marcos Juárez (Córdoba),Marcos Juárez (Córdoba),
AR-X070,Minas (Córdoba),Minas (Córdoba),
AR-X077,Pocho (Córdoba),Pocho (Córdoba),
AR-X091,Punilla (Córdoba),Punilla (Córdoba),
AR-X098,Río Cuarto (Córdoba),Río Cuarto (Córdoba),
AR-X105,Río Primero (Córdoba),Río Primero (Córdoba),
AR-X112,Río Seco (Córdoba),Río Seco (Córdoba),
AR-X119,Río Segundo (Córdoba),Río Segundo (Córdoba),
AR-X084,Pte. Roque Sáenz Peña (Córdoba),Pte. Roque Sáenz Peña (Córdoba),
AR-X126,San Alberto (Córdoba),San Alberto (Córdoba),
AR-X133,San Javier (Córdoba),San Javier (Córdoba),
AR-X140,San Justo (Córdoba),San Justo (Córdoba),
AR-X147,Santa Maria (Córdoba),Santa Maria (Córdoba),
AR-X154,Sobremonte (Córdoba),Sobremonte (Córdoba),
AR-X161,Tercero Arriba (Córdoba),Tercero Arriba (Córdoba),
AR-X168,Totoral (Córdoba),Totoral (Córdoba),
AR-X175,Tulumba (Córdoba),Tulumba (Córdoba),
AR-X182,Union (Córdoba),Union (Córdoba),
AR-W021,Capital (Corrientes),Capital (Corrientes),
AR-W070,Goya (Corrientes),Goya (Corrientes),
AR-W035,Curuzú Cuatiá (Corrientes),Curuzú Cuatiá (Corrientes),
AR-W105,Mercedes (Corrientes),Mercedes (Corrientes),
AR-W049,Esquina (Corrientes),Esquina (Corrientes),
AR-W091,Lavalle (Corrientes),Lavalle (Corrientes),
AR-W168,Santo Tomé (Corrientes),Santo Tomé (Corrientes),
AR-W119,Paso de los Libres (Corrientes),Paso de los Libres (Corrientes),
AR-W112,Monte Caseros (Corrientes),Monte Caseros (Corrientes),
AR-W140,San Luis del Palmar (Corrientes),San Luis del Palmar (Corrientes),
AR-W007,Bella Vista (Corrientes),Bella Vista (Corrientes),
AR-W042,Empedrado (Corrientes),Empedrado (Corrientes),
AR-W161,San Roque (Corrientes),San Roque (Corrientes),
AR-W063,Gral. Paz (Corrientes),Gral. Paz (Corrientes),
AR-W126,Saladas (Corrientes),Saladas (Corrientes),
AR-W147,San Martín (Corrientes),San Martín (Corrientes),
AR-W028,Concepción (Corrientes),Concepción (Corrientes),
AR-W098,Mburucuyá (Corrientes),Mburucuyá (Corrientes),
AR-W084,Ituzaingó (Corrientes),Ituzaingó (Corrientes),
AR-W175,Sauce (Corrientes),Sauce (Corrientes),
AR-W133,San Cosme (Corrientes),San Cosme (Corrientes),
AR-W056,Gral. Alvear (Corrientes),Gral. Alvear (Corrientes),
AR-W154,San Miguel (Corrientes),San Miguel (Corrientes),
AR-W077,Itatí (Corrientes),Itatí (Corrientes),
AR-W014,Berón de Astrada (Corrientes),Berón de Astrada (Corrientes),
AR-H140,San Fernando (Chaco),San Fernando (Chaco),
AR-H126,1° De Mayo (Chaco),1° De Mayo (Chaco),
AR-H077,Libertad (Chaco),Libertad (Chaco),
AR-H056,Gral. Donovan (Chaco),Gral. Donovan (Chaco),
AR-H154,Sargento Cabral (Chaco),Sargento Cabral (Chaco),
AR-H119,Presidencia de la Plaza (Chaco),Presidencia de la Plaza (Chaco),
AR-H014,Bermejo (Chaco),Bermejo (Chaco),
AR-H084,Libertador Gral. San Martín (Chaco),Libertador Gral. San Martín (Chaco),
AR-H161,Tapenaga (Chaco),Tapenaga (Chaco),
AR-H147,San Lorenzo (Chaco),San Lorenzo (Chaco),
AR-H098,Mayor Luis J. Fontana (Chaco),Mayor Luis J. Fontana (Chaco),
AR-H112,O'Higgins (Chaco),O'Higgins (Chaco),
AR-H021,Comandante Fernández (Chaco),Comandante Fernández (Chaco),
AR-H133,Quitilipi (Chaco),Quitilipi (Chaco),
AR-H168,25 de Mayo (Chaco),25 de Mayo (Chaco),
AR-H091,Maipú (Chaco),Maipú (Chaco),
AR-H070,Independencia (Chaco),Independencia (Chaco),
AR-H049,Gral. Belgrano (Chaco),Gral. Belgrano (Chaco),
AR-H105,9 de Julio (Chaco),9 de Julio (Chaco),
AR-H028,Chacabuco (Chaco),Chacabuco (Chaco),
AR-H036,12 de Octubre (Chaco),12 de Octubre (Chaco),
AR-H039,2 de Abril (Chaco),2 de Abril (Chaco),
AR-H043,Fray Justo S. M. de Oro (Chaco),Fray Justo S. M. de Oro (Chaco),
AR-H007,Alte. Brown (Chaco),Alte. Brown (Chaco),
AR-H063,Gral. Güemes (Chaco),Gral. Güemes (Chaco),
AR-U077,Rawson (Chubut),Rawson (Chubut),
AR-U007,Biedma (Chubut),Biedma (Chubut),
AR-U105,Telsen (Chubut),Telsen (Chubut),
AR-U049,Gastre (Chubut),Gastre (Chubut),
AR-U014,Cushamen (Chubut),Cushamen (Chubut),
AR-U035,Futaleufú (Chubut),Futaleufú (Chubut),
AR-U056,Languiñeo (Chubut),Languiñeo (Chubut),
AR-U098,Tehuelches (Chubut),Tehuelches (Chubut),
AR-U070,Paso de los Indios (Chubut),Paso de los Indios (Chubut),
AR-U063,Mártires (Chubut),Mártires (Chubut),
AR-U028,Florentino Ameghino (Chubut),Florentino Ameghino (Chubut),
AR-U042,Gaiman (Chubut),Gaiman (Chubut),
AR-U084,Río Senguer (Chubut),v,
AR-U091,Sarmiento (Chubut),Sarmiento (Chubut),
AR-U021,Escalante (Chubut),Escalante (Chubut),
AR-E084,Paraná (Entre Ríos),Paraná (Entre Ríos),
AR-E070,La Paz (Entre Ríos),La Paz (Entre Ríos),
AR-E021,Diamante (Entre Ríos),Diamante (Entre Ríos),
AR-E105,Victoria (Entre Ríos),Victoria (Entre Ríos),
AR-E077,Nogoyá (Entre Ríos),Nogoyá (Entre Ríos),
AR-E049,Gualeguay (Entre Ríos),Gualeguay (Entre Ríos),
AR-E091,Tala (Entre Ríos),Tala (Entre Ríos),
AR-E098,Uruguay (Entre Ríos),Uruguay (Entre Ríos),
AR-E056,Gualeguaychú (Entre Ríos),Gualeguaychú (Entre Ríos),
AR-E063,Islas del Ibicuy (Entre Ríos),Islas del Ibicuy (Entre Ríos),
AR-E113,Villaguay (Entre Ríos),Villaguay (Entre Ríos),
AR-E015,Concordia (Entre Ríos),Concordia (Entre Ríos),
AR-E035,Federal (Entre Ríos),Federal (Entre Ríos),
AR-E008,Colón (Entre Ríos),Colón (Entre Ríos),
AR-E042,Feliciano (Entre Ríos),Feliciano (Entre Ríos),
AR-E028,Federación (Entre Ríos),Federación (Entre Ríos),
AR-E088,San Salvador (Entre Ríos),San Salvador (Entre Ríos),
AR-P014,Formosa (Formosa),Formosa (Formosa),
AR-P021,Laishi (Formosa),Laishi (Formosa),
AR-P049,Pilcomayo (Formosa),Pilcomayo (Formosa),
AR-P056,Pirané (Formosa),Pirané (Formosa),
AR-P042,Pilagás (Formosa),Pilagás (Formosa),
AR-P035,Patiño (Formosa),Patiño (Formosa),
AR-P007,Bermejo (Formosa),Bermejo (Formosa),
AR-P028,Matacos (Formosa),Matacos (Formosa),
AR-P063,Ramón Lista (Formosa),Ramón Lista (Formosa),
AR-Y021,Dr. Manuel Belgrano (Jujuy),Dr. Manuel Belgrano (Jujuy),
AR-Y042,Palpalá (Jujuy),Palpalá (Jujuy),
AR-Y056,San Antonio (Jujuy),San Antonio (Jujuy),
AR-Y014,El Carmen (Jujuy),El Carmen (Jujuy),
AR-Y063,San Pedro (Jujuy),San Pedro (Jujuy),
AR-Y070,Santa Bárbara (Jujuy),Santa Bárbara (Jujuy),
AR-Y035,Ledesma (Jujuy),Ledesma (Jujuy),
AR-Y105,Valle Grande (Jujuy),Valle Grande (Jujuy),
AR-Y098,Tumbaya (Jujuy),Tumbaya (Jujuy),
AR-Y094,Tilcara (Jujuy),Tilcara (Jujuy),
AR-Y028,Humahuaca (Jujuy),Humahuaca (Jujuy),
AR-Y007,Cochinoca (Jujuy),Cochinoca (Jujuy),
AR-Y049,Rinconada (Jujuy),Rinconada (Jujuy),
AR-Y077,Santa Catalina (Jujuy),Santa Catalina (Jujuy),
AR-Y112,Yavi (Jujuy),Yavi (Jujuy),
AR-Y084,Susques (Jujuy),Susques (Jujuy),
AR-L007,Atreucó (La Pampa),Atreucó (La Pampa),
AR-L021,Capital (La Pampa),Capital (La Pampa),
AR-L014,Caleu Caleu (La Pampa),Caleu Caleu (La Pampa),
AR-L028,Catriló (La Pampa),Catriló (La Pampa),
AR-L049,Chalileo (La Pampa),Chalileo (La Pampa),
AR-L056,Chapaleufú (La Pampa),Chapaleufú (La Pampa),
AR-L063,Chical Co (La Pampa),Chical Co (La Pampa),
AR-L035,Conhelo (La Pampa),Conhelo (La Pampa),
AR-L042,Curacó (La Pampa),Curacó (La Pampa),
AR-L070,Guatraché (La Pampa),Guatraché (La Pampa),
AR-L077,Hucal (La Pampa),Hucal (La Pampa),
AR-L098,Loventué (La Pampa),Loventué (La Pampa),
AR-L084,Lihuel Calel (La Pampa),Lihuel Calel (La Pampa),
AR-L091,Limay Mahuida (La Pampa),Limay Mahuida (La Pampa),
AR-L105,Maracó (La Pampa),Maracó (La Pampa),
AR-L112,Puelén (La Pampa),Puelén (La Pampa),
AR-L119,Quemú Quemú (La Pampa),Quemú Quemú (La Pampa),
AR-L126,Rancul (La Pampa),Rancul (La Pampa),
AR-L133,Realicó (La Pampa),Realicó (La Pampa),
AR-L140,Toay (La Pampa),Toay (La Pampa),
AR-L147,Trenel (La Pampa),Trenel (La Pampa),
AR-L154,Utracán (La Pampa),Utracán (La Pampa),
AR-F014,Capital (La Rioja),Capital (La Rioja),
AR-F126,Sanagasta (La Rioja),Sanagasta (La Rioja),
AR-F021,Castro Barros (La Rioja),Castro Barros (La Rioja),
AR-F007,Arauco (La Rioja),Arauco (La Rioja),
AR-F119,San Blas de los Sauces (La Rioja),San Blas de los Sauces (La Rioja),
AR-F042,Chilecito (La Rioja),Chilecito (La Rioja),
AR-F049,Famatina (La Rioja),Famatina (La Rioja),
AR-F028,Cnel. Felipe Varela (La Rioja),Cnel. Felipe Varela (La Rioja),
AR-F077,General Lamadrid (La Rioja),General Lamadrid (La Rioja),
AR-F098,Vinchina (La Rioja),Vinchina (La Rioja),
AR-F105,Independencia (La Rioja),Independencia (La Rioja),
AR-F035,Chamical (La Rioja),Chamical (La Rioja),
AR-F056,Gral. Angel V. Peñaloza (La Rioja),Gral. Angel V. Peñaloza (La Rioja),
AR-F063,Gral. Belgrano (La Rioja),Gral. Belgrano (La Rioja),
AR-F070,Gral. Juan F. Quiroga (La Rioja),Gral. Juan F. Quiroga (La Rioja),
AR-F084,Gral. Ocampo (La Rioja),Gral. Ocampo (La Rioja),
AR-F112,Rosario Vera Peñaloza (La Rioja),Rosario Vera Peñaloza (La Rioja),
AR-F091,Gral. San Martín (La Rioja),Gral. San Martín (La Rioja),
AR-M007,Capital (Mendoza),Capital (Mendoza),
AR-M021,Godoy Cruz (Mendoza),Godoy Cruz (Mendoza),
AR-M028,Guaymallén (Mendoza),Guaymallén (Mendoza),
AR-M049,Las Heras (Mendoza),Las Heras (Mendoza),
AR-M056,Lavalle (Mendoza),Lavalle (Mendoza),
AR-M070,Maipú (Mendoza),Maipú (Mendoza),
AR-M063,Luján de Cuyo (Mendoza),Luján de Cuyo (Mendoza),
AR-M126,Tupungato (Mendoza),Tupungato (Mendoza),
AR-M098,San Martín (Mendoza),San Martín (Mendoza),
AR-M035,Junín (Mendoza),Junín (Mendoza),
AR-M084,Rivadavia (Mendoza),Rivadavia (Mendoza),
AR-M119,Tunuyán (Mendoza),Tunuyán (Mendoza),
AR-M091,San Carlos (Mendoza),San Carlos (Mendoza),
AR-M112,Santa Rosa (Mendoza),Santa Rosa (Mendoza),
AR-M042,La Paz (Mendoza),La Paz (Mendoza),
AR-M105,San Rafael (Mendoza),San Rafael (Mendoza),
AR-M077,Malargüe (Mendoza),Malargüe (Mendoza),
AR-M014,Gral. Alvear (Mendoza),Gral. Alvear (Mendoza),
AR-N028,Capital (Misiones),Capital (Misiones),
AR-N007,Apóstoles (Misiones),Apóstoles (Misiones),
AR-N021,Candelaria (Misiones),Candelaria (Misiones),
AR-N070,Leandro N. Alem (Misiones),Leandro N. Alem (Misiones),
AR-N035,Concepcion (Misiones),Concepcion (Misiones),
AR-N105,San Javier (Misiones),San Javier (Misiones),
AR-N098,San Ignacio (Misiones),San Ignacio (Misiones),
AR-N091,Oberá (Misiones),Oberá (Misiones),
AR-N077,Libertador Gral. San Martín (Misiones),Libertador Gral. San Martín (Misiones),
AR-N014,Cainguás (Misiones),Cainguás (Misiones),
AR-N119,25 de Mayo (Misiones),25 de Mayo (Misiones),
AR-N084,Montecarlo (Misiones),Montecarlo (Misiones),
AR-N056,Guaraní (Misiones),Guaraní (Misiones),
AR-N042,El Dorado (Misiones),El Dorado (Misiones),
AR-N112,San Pedro (Misiones),San Pedro (Misiones),
AR-N063,Iguazú (Misiones),Iguazú (Misiones),
AR-N049,Gral. Manuel Belgrano (Misiones),Gral. Manuel Belgrano (Misiones),
AR-Q035,Confluencia (Neuquén),Confluencia (Neuquén),
AR-Q112,Zapala (Neuquén),Zapala (Neuquén),
AR-Q014,Añelo (Neuquén),Añelo (Neuquén),
AR-Q091,Pehuenches (Neuquén),Pehuenches (Neuquén),
AR-Q042,Chos Malal (Neuquén),Chos Malal (Neuquén),
AR-Q077,Minas (Neuquén),Minas (Neuquén),
AR-Q084,Ñorquín (Neuquén),Ñorquín (Neuquén),
AR-Q063,Loncopué (Neuquén),Loncopué (Neuquén),
AR-Q105,Picunches (Neuquén),Picunches (Neuquén),
AR-Q007,Aluminé (Neuquén),Aluminé (Neuquén),
AR-Q021,Catan Lil (Neuquén),Catan Lil (Neuquén),
AR-Q098,Picún Leufú (Neuquén),Picún Leufú (Neuquén),
AR-Q028,Collon Curá (Neuquén),Collon Curá (Neuquén),
AR-Q049,Huiliches (Neuquén),Huiliches (Neuquén),
AR-Q056,Lácar (Neuquén),Lácar (Neuquén),
AR-Q070,Los Lagos (Neuquén),Los Lagos (Neuquén),
AR-R007,Adolfo Alsina (Río Negro),Adolfo Alsina (Río Negro),
AR-R028,Conesa (Río Negro),Conesa (Río Negro),
AR-R077,San Antonio (Río Negro),San Antonio (Río Negro),
AR-R084,Valcheta (Río Negro),Valcheta (Río Negro),
AR-R049,9 de Julio (Río Negro),9 de Julio (Río Negro),
AR-R091,25 de Mayo (Río Negro),25 de Mayo (Río Negro),
AR-R056,Ñorquinco (Río Negro),Ñorquinco (Río Negro),
AR-R070,Pilcaniyeu (Río Negro),Pilcaniyeu (Río Negro),
AR-R021,Bariloche (Río Negro),Bariloche (Río Negro),
AR-R063,Pichi Mahuida (Río Negro),Pichi Mahuida (Río Negro),
AR-R014,Avellaneda (Río Negro),Avellaneda (Río Negro),
AR-R042,Gral. Roca (Río Negro),Gral. Roca (Río Negro),
AR-R035,El Cuy (Río Negro),El Cuy (Río Negro),
AR-A028,Capital (Salta),Capital (Salta),
AR-A077,La Caldera (Salta),La Caldera (Salta),
AR-A049,Gral. Güemes (Salta),Gral. Güemes (Salta),
AR-A112,Metán (Salta),Metán (Salta),
AR-A007,Anta (Salta),Anta (Salta),
AR-A133,Rivadavia (Salta),Rivadavia (Salta),
AR-A126,Orán (Salta),Orán (Salta),
AR-A056,Gral. Jose de San Martín (Salta),Gral. Jose de San Martín (Salta),
AR-A070,Iruya (Salta),Iruya (Salta),
AR-A161,Santa Victoria (Salta),Santa Victoria (Salta),
AR-A035,Cerrillos (Salta),Cerrillos (Salta),
AR-A042,Chicoana (Salta),Chicoana (Salta),
AR-A098,La Viña (Salta),La Viña (Salta),
AR-A063,Guachipas (Salta),Guachipas (Salta),
AR-A140,Rosario de la Frontera (Salta),Rosario de la Frontera (Salta),
AR-A084,La Candelaria (Salta),La Candelaria (Salta),
AR-A021,Cafayate (Salta),Cafayate (Salta),
AR-A154,San Carlos (Salta),San Carlos (Salta),
AR-A119,Molinos (Salta),Molinos (Salta),
AR-A014,Cachi (Salta),Cachi (Salta),
AR-A147,Rosario de Lerma (Salta),Rosario de Lerma (Salta),
AR-A091,La Poma (Salta),La Poma (Salta),
AR-A105,Los Andes (Salta),Los Andes (Salta),
AR-J028,Capital (San Juan),Capital (San Juan),
AR-J098,Santa Lucía (San Juan),Santa Lucía (San Juan),
AR-J042,Chimbas (San Juan),Chimbas (San Juan),
AR-J084,Rivadavia (San Juan),Rivadavia (San Juan),
AR-J133,Zonda (San Juan),Zonda (San Juan),
AR-J077,Rawson (San Juan),Rawson (San Juan),
AR-J434,9 de Julio (San Juan),9 de Julio (San Juan),
AR-J091,San Martín (San Juan),San Martín (San Juan),
AR-J014,Angaco (San Juan),Angaco (San Juan),
AR-J007,Albardón (San Juan),Albardón (San Juan),
AR-J112,Ullum (San Juan),Ullum (San Juan),
AR-J070,Pocito (San Juan),Pocito (San Juan),
AR-J105,Sarmiento (San Juan),Sarmiento (San Juan),
AR-J126,25 de Mayo (San Juan),25 de Mayo (San Juan),
AR-J035,Caucete (San Juan),Caucete (San Juan),
AR-J119,Valle Fértil (San Juan),Valle Fértil (San Juan),
AR-J056,Jáchal (San Juan),Jáchal (San Juan),
AR-J049,Iglesia (San Juan),Iglesia (San Juan),
AR-J021,Calingasta (San Juan),Calingasta (San Juan),
AR-D056,La Capital (San Luis),La Capital (San Luis),
AR-D021,Coronel Pringles (San Luis),Coronel Pringles (San Luis),
AR-D035,Gral. Pedernera (San Luis),Gral. Pedernera (San Luis),
AR-D028,Chacabuco (San Luis),Chacabuco (San Luis),
AR-D063,Libertador Gral. San Martín (San Luis),Libertador Gral. San Martín (San Luis),
AR-D049,Junín (San Luis),Junín (San Luis),
AR-D007,Ayacucho (San Luis),Ayacucho (San Luis),
AR-D014,Belgrano (San Luis),Belgrano (San Luis),
AR-D042,Gobernador Dupuy (San Luis),Gobernador Dupuy (San Luis),
AR-Z014,Deseado (Santa Cruz),Deseado (Santa Cruz),
AR-Z035,Lago Buenos Aires (Santa Cruz),Lago Buenos Aires (Santa Cruz),
AR-Z042,Magallanes (Santa Cruz),Magallanes (Santa Cruz),
AR-Z049,Río Chico (Santa Cruz),Río Chico (Santa Cruz),
AR-Z007,Corpen Aike (Santa Cruz),Corpen Aike (Santa Cruz),
AR-Z028,Lago Argentino (Santa Cruz),Lago Argentino (Santa Cruz),
AR-Z021,Güer Aike (Santa Cruz),Güer Aike (Santa Cruz),
AR-S007,Belgrano (Santa Fe),Belgrano (Santa Fe),
AR-S014,Caseros (Santa Fe),Caseros (Santa Fe),
AR-S021,Castellanos (Santa Fe),Castellanos (Santa Fe),
AR-S028,Constitución (Santa Fe),Constitución (Santa Fe),
AR-S035,Garay (Santa Fe),Garay (Santa Fe),
AR-S042,Gral. López (Santa Fe),Gral. López (Santa Fe),
AR-S049,General Obligado (Santa Fe),General Obligado (Santa Fe),
AR-S056,Iriondo (Santa Fe),Iriondo (Santa Fe),
AR-S063,La Capital (Santa Fe),La Capital (Santa Fe),
AR-S070,Las Colonias (Santa Fe),Las Colonias (Santa Fe),
AR-S077,9 de Julio (Santa Fe),9 de Julio (Santa Fe),
AR-S084,Rosario (Santa Fe),Rosario (Santa Fe),
AR-S091,San Cristóbal (Santa Fe),San Cristóbal (Santa Fe),
AR-S098,San Javier (Santa Fe),San Javier (Santa Fe),
AR-S105,San Jerónimo (Santa Fe),San Jerónimo (Santa Fe),
AR-S112,San Justo (Santa Fe),San Justo (Santa Fe),
AR-S119,San Lorenzo (Santa Fe),San Lorenzo (Santa Fe),
AR-S126,San Martin (Santa Fe),San Martin (Santa Fe),
AR-S133,Vera (Santa Fe),Vera (Santa Fe),
AR-G049,Capital (Santiago del Estero),Capital (Santiago del Estero),
AR-G028,Avellaneda (Santiago del Estero),Avellaneda (Santiago del Estero),
AR-G007,Aguirre (Santiago del Estero),Aguirre (Santiago del Estero),
AR-G014,Alberdi (Santiago del Estero),Alberdi (Santiago del Estero),
AR-G021,Atamisqui (Santiago del Estero),Atamisqui (Santiago del Estero),
AR-G035,Banda (Santiago del Estero),Banda (Santiago del Estero),
AR-G042,Belgrano (Santiago del Estero),Belgrano (Santiago del Estero),
AR-G056,Copo (Santiago del Estero),Copo (Santiago del Estero),
AR-G063,Choya (Santiago del Estero),Choya (Santiago del Estero),
AR-G070,Figueroa (Santiago del Estero),Figueroa (Santiago del Estero),
AR-G084,Guasayán (Santiago del Estero),Guasayán (Santiago del Estero),
AR-G091,Jiménez (Santiago del Estero),Jiménez (Santiago del Estero),
AR-G105,Loreto (Santiago del Estero),Loreto (Santiago del Estero),
AR-G098,Juan F. Ibarra (Santiago del Estero),Juan F. Ibarra (Santiago del Estero),
AR-G112,Mitre (Santiago del Estero),Mitre (Santiago del Estero),
AR-G119,Moreno (Santiago del Estero),Moreno (Santiago del Estero),
AR-G126,Ojo de Agua (Santiago del Estero),Ojo de Agua (Santiago del Estero),
AR-G133,Pellegrini (Santiago del Estero),Pellegrini (Santiago del Estero),
AR-G140,Quebrachos (Santiago del Estero),Quebrachos (Santiago del Estero),
AR-G154,Rivadavia (Santiago del Estero),Rivadavia (Santiago del Estero),
AR-G161,Robles (Santiago del Estero),Robles (Santiago del Estero),
AR-G147,Río Hondo (Santiago del Estero),Río Hondo (Santiago del Estero),
AR-G189,Silipica (Santiago del Estero),Silipica (Santiago del Estero),
AR-G175,San Martín (Santiago del Estero),San Martín (Santiago del Estero),
AR-G168,Salavina (Santiago del Estero),Salavina (Santiago del Estero),
AR-G182,Sarmiento (Santiago del Estero),Sarmiento (Santiago del Estero),
AR-G077,Gral. Taboada (Santiago del Estero),Gral. Taboada (Santiago del Estero),
AR-T084,Capital (Tucumán),Capital (Tucumán),
AR-T063,Lules (Tucumán),Lules (Tucumán),
AR-T028,Famaillá (Tucumán),Famaillá (Tucumán),
AR-T070,Monteros (Tucumán),Monteros (Tucumán),
AR-T021,Chicligasta (Tucumán),Chicligasta (Tucumán),
AR-T077,Río Chico (Tucumán),Río Chico (Tucumán),
AR-T042,Juan B. Alberdi (Tucumán),Juan B. Alberdi (Tucumán),
AR-T049,La Cocha (Tucumán),La Cocha (Tucumán),
AR-T035,Graneros (Tucumán),Graneros (Tucumán),
AR-T091,Simoca (Tucumán),Simoca (Tucumán),
AR-T056,Leales (Tucumán),Leales (Tucumán),
AR-T014,Cruz Alta (Tucumán),Cruz Alta (Tucumán),
AR-T007,Burruyacú (Tucumán),Burruyacú (Tucumán),
AR-T112,Trancas (Tucumán),Trancas (Tucumán),
AR-T119,Yerba Buena (Tucumán),Yerba Buena (Tucumán),
AR-T105,Tafí Viejo (Tucumán),Tafí Viejo (Tucumán),
AR-T098,Tafí Del Valle (Tucumán),Tafí Del Valle (Tucumán),
AR-V014,Ushuaia (Tierra del Fuego),Ushuaia (Tierra del Fuego),
AR-V007,Río Grande (Tierra del Fuego),Río Grande (Tierra del Fuego),
AR-BAS-CAMMESA,CABA y Buenos Aires,CABA y Buenos Aires,
AR-CEN-CAMMESA,Centro,Centro,
AR-COM-CAMMESA,Comahue,Comahue,
AR-CUY-CAMMESA,Cuyo,Cuyo,
AR-LIT-CAMMESA,Litoral,Litoral,
AR-NEA-CAMMESA,NEA,NEA,
AR-NOA-CAMMESA,NOA,NOA,
AR-PAT-CAMMESA,Patagonia,Patagonia,
AR-NAC,Nacional,Nacional,
AR-GBA,Gran Buenos Aires,Gran Buenos Aires,
AR-NOA,NOA,NOA,
AR-NEA,NEA,NEA,
AR-PAM,Pampeana,Pampeana,
AR-CUY,Cuyo,Cuyo,
AR-PAT,Patagonia,Patagonia,
SEBACO_AR-B-RESTO,Resto de Buenos Aires,Resto de Buenos Aires,
SEBACO_AR-RESTO,Resto del país,Resto del país,
DESIGU_AML,América Latina,América Latina,
MINERI_NO-DIST,No distribuído,No distribuído,
EAS_MPD,Asia Oriental,Asia Oriental,
EEU_MPD,Europa Oriental,Europa Oriental,
LAC_MPD,América Latina,América Latina,
MNA_MPD,Medio Oriente y África del Norte,Medio Oriente y África del Norte,
SEA_MPD,Asia del Sur y Sudeste,Asia del Sur y Sudeste,
SSA_MPD,África Subsahariana,África Subsahariana,
WEU_MPD,Europa Occidental,Europa Occidental,
WOF_MPD,Ramificaciones de Occidente,Ramificaciones de Occidente,
CRECIM_AML-RESTO,Resto de América Latina,Resto de América Latina,
DESHUM_ZZA.VHHD,Países de desarrollo humano muy alto,Países de desarrollo humano muy alto,
DESHUM_ZZB.HHD,Países de desarrollo humano alto,Países de desarrollo humano alto,
DESHUM_ZZC.MHD,Países de desarrollo humano medio,Países de desarrollo humano medio,
DESHUM_ZZD.LHD,Países de desarrollo humano bajo,Países de desarrollo humano bajo,
DESHUM_ZZE.AS,Estados árabes,Estados árabes,
DESHUM_ZZF.EAP,Este de Asia y Pacífico,Este de Asia y Pacífico,
DESHUM_ZZG.ECA,Europa y Asia Central,Europa y Asia Central,
DESHUM_ZZH.LAC,América Latina y el Caribe,América Latina y el Caribe,
DESHUM_ZZI.SA,Asia meridional,Asia meridional,
DESHUM_ZZJ.SSA,África Subsahariana,África Subsahariana,
MERTRA_TOTAL,Total,Total,
DESHUM_AHDI.EAS,Asia Oriental,Asia Oriental,
DESHUM_AHDI.EEU,Europa Oriental,Europa Oriental,
DESHUM_AHDI.LAC,América Latina y el Caribe,América Latina y el Caribe,
DESHUM_AHDI.MEA,Medio Oriente,Medio Oriente,
DESHUM_AHDI.NAF,África del Norte,África del Norte,
DESHUM_AHDI.OECD,Países de la OCDE,Países de la OCDE,
DESHUM_AHDI.ROW,Países no OCDE,Países no OCDE,
DESHUM_AHDI.SAS,Asia del Sur,Asia del Sur,
DESHUM_AHDI.SSA,África Subsahariana,África Subsahariana,
DESHUM_AHDI.WEU,Europa Occidental,Europa Occidental,
DESHUM_AHDI.WLD,Mundo,Mundo,
DESHUM_AHDI.WOF,Ramificaciones de Occidente,Ramificaciones de Occidente,
NIR,Irlanda del Norte,Irlanda del Norte,
CAMCLI_IA,Aviación internacional,Aviación internacional,
F_ESTPRO,África,África,
NAFTA_ESTPRO,Países miembros del NAFTA,Países miembros del NAFTA,